prediction,asphalt,concrete,concrete plates,grass,ground,paving stones,sett,image_name
concrete plates,0.032440185546875,0.07781982421875,0.35986328125,0.09100341796875,0.1282958984375,0.2252197265625,0.08544921875,27706df1025250291d71ccb34347c66e.png
asphalt,0.34814453125,0.1544189453125,0.0908203125,0.023681640625,0.297607421875,0.07293701171875,0.01229095458984375,33b8ab42d5c53784dbaa2829e0353145.png
paving stones,0.060638427734375,0.080322265625,0.271728515625,0.06658935546875,0.1500244140625,0.32763671875,0.042999267578125,5d7e5e55565e46cb610b8e6416a5dc9d.png
grass,0.050262451171875,0.0404052734375,0.08819580078125,0.348876953125,0.186767578125,0.12060546875,0.164794921875,c39730768d87970a8705db2ea78f8341.png
