prediction,asphalt,concrete,concrete plates,grass,ground,paving stones,sett,image_name
concrete,0.1515418142080307,0.2021201103925705,0.14019854366779327,0.1606094092130661,0.11469363421201706,0.06950276345014572,0.16133372485637665,27706df1025250291d71ccb34347c66e.png
concrete plates,0.07759691029787064,0.13250987231731415,0.23513612151145935,0.1292121559381485,0.10229496657848358,0.1917087733745575,0.1315411925315857,33b8ab42d5c53784dbaa2829e0353145.png
sett,0.14957164227962494,0.1777348518371582,0.1461964100599289,0.1471119225025177,0.11243520677089691,0.08438406139612198,0.18256588280200958,5d7e5e55565e46cb610b8e6416a5dc9d.png
concrete plates,0.11533953994512558,0.1419648677110672,0.18353904783725739,0.13471229374408722,0.10883375257253647,0.14917920529842377,0.1664312481880188,c39730768d87970a8705db2ea78f8341.png
