prediction,asphalt,concrete,concrete plates,grass,ground,paving stones,sett,image_name
ground,0.21630859375,0.07470703125,0.1878662109375,0.1878662109375,0.237548828125,0.061004638671875,0.034759521484375,27706df1025250291d71ccb34347c66e.png
concrete plates,0.1328125,0.2259521484375,0.268310546875,0.052032470703125,0.1370849609375,0.10186767578125,0.08184814453125,33b8ab42d5c53784dbaa2829e0353145.png
concrete plates,0.162841796875,0.09130859375,0.29931640625,0.1602783203125,0.193359375,0.08575439453125,0.007152557373046875,5d7e5e55565e46cb610b8e6416a5dc9d.png
concrete plates,0.178466796875,0.130615234375,0.267822265625,0.1729736328125,0.1434326171875,0.07098388671875,0.03570556640625,c39730768d87970a8705db2ea78f8341.png
