prediction,asphalt,concrete,concrete plates,grass,ground,paving stones,sett,image_name
ground,0.002413688926026225,0.001957896165549755,1.0919792657659855e-05,0.22932538390159607,0.7525545358657837,2.8209058655193076e-05,0.013709369115531445,27706df1025250291d71ccb34347c66e.png
ground,0.026082584634423256,0.34041619300842285,0.003790333168581128,0.0006050235242582858,0.6280803680419922,0.0004484727105591446,0.0005770378629676998,33b8ab42d5c53784dbaa2829e0353145.png
ground,0.009998472407460213,0.014513324946165085,0.00035261508310213685,0.12485146522521973,0.8354108333587646,0.0005487430025823414,0.014324553310871124,5d7e5e55565e46cb610b8e6416a5dc9d.png
concrete,0.10557146370410919,0.6040623784065247,0.0025026293005794287,0.16525238752365112,0.11221873760223389,0.0005901382537558675,0.009802272543311119,c39730768d87970a8705db2ea78f8341.png
