prediction,asphalt,concrete,concrete plates,grass,ground,paving stones,sett,image_name
grass,0.037109375,0.08697509765625,0.0093841552734375,0.352294921875,0.15625,0.054443359375,0.3037109375,27706df1025250291d71ccb34347c66e.png
concrete,0.01238250732421875,0.57861328125,0.033660888671875,0.2127685546875,0.1580810546875,0.00402069091796875,0.00055694580078125,33b8ab42d5c53784dbaa2829e0353145.png
ground,0.061737060546875,0.11004638671875,0.0245513916015625,0.12274169921875,0.333740234375,0.3134765625,0.0338134765625,5d7e5e55565e46cb610b8e6416a5dc9d.png
grass,0.011505126953125,0.05078125,0.007724761962890625,0.66357421875,0.1025390625,0.00502777099609375,0.1588134765625,c39730768d87970a8705db2ea78f8341.png
