prediction,asphalt,concrete,concrete plates,grass,ground,paving stones,sett,image_name
concrete plates,4.8684654757380486e-05,0.0017993957735598087,0.6118514537811279,3.484794797259383e-05,0.3260613679885864,7.492815348086879e-05,0.060129314661026,27706df1025250291d71ccb34347c66e.png
ground,0.0002083236468024552,0.4592677056789398,0.015022817067801952,3.178671477144235e-06,0.524624228477478,2.307528666278813e-05,0.0008506631711497903,33b8ab42d5c53784dbaa2829e0353145.png
concrete plates,4.481692667468451e-05,0.005579530727118254,0.5159096121788025,3.6091673791815992e-06,0.4536364674568176,6.902901077410206e-05,0.02475695312023163,5d7e5e55565e46cb610b8e6416a5dc9d.png
ground,0.0005027922452427447,0.04820926487445831,0.0396927110850811,0.00010667947208276019,0.9058157801628113,5.0141341489506885e-05,0.005622659344226122,c39730768d87970a8705db2ea78f8341.png
