prediction,asphalt,concrete,concrete plates,grass,ground,paving stones,sett,image_name
grass,0.02524835802614689,0.2679215967655182,0.002754007466137409,0.4056642949581146,0.2261372208595276,0.07021597772836685,0.0020585372112691402,27706df1025250291d71ccb34347c66e.png
concrete,0.011189778335392475,0.7812663912773132,0.019595466554164886,0.012448126450181007,0.118708536028862,0.05446755141019821,0.0023240926675498486,33b8ab42d5c53784dbaa2829e0353145.png
concrete,0.015496678650379181,0.7581362128257751,0.010508411563932896,0.06619884818792343,0.10965117067098618,0.03938451036810875,0.0006242175004445016,5d7e5e55565e46cb610b8e6416a5dc9d.png
concrete,0.011530369520187378,0.7424030303955078,0.012747744098305702,0.1223176047205925,0.10343008488416672,0.006387840490788221,0.001183338463306427,c39730768d87970a8705db2ea78f8341.png
