prediction,asphalt,concrete,concrete plates,grass,ground,paving stones,sett,image_name
ground,0.033111572265625,0.045257568359375,0.0567626953125,0.1591796875,0.39404296875,0.0728759765625,0.2388916015625,27706df1025250291d71ccb34347c66e.png
ground,0.18896484375,0.099609375,0.06329345703125,0.07879638671875,0.490234375,0.06951904296875,0.00970458984375,33b8ab42d5c53784dbaa2829e0353145.png
ground,0.08514404296875,0.01812744140625,0.03839111328125,0.0298919677734375,0.497802734375,0.3115234375,0.0189971923828125,5d7e5e55565e46cb610b8e6416a5dc9d.png
ground,0.06512451171875,0.087646484375,0.03887939453125,0.26171875,0.50439453125,0.0322265625,0.0102996826171875,c39730768d87970a8705db2ea78f8341.png
